{
  "test_accuracy": 0.5243902206420898,
  "test_loss": 2.6580278873443604
}